{
  "npmScope": "napho",
  "implicitDependencies": {
    "angular.json": "*",
    "package.json": {
      "dependencies": "*",
      "devDependencies": "*"
    },
    "tsconfig.json": "*",
    "tslint.json": "*",
    "nx.json": "*"
  },
  "tasksRunnerOptions": {
    "default": {
      "runner": "@nrwl/workspace/tasks-runners/default",
      "options": {
        "cacheableOperations": ["build", "lint", "test", "e2e"]
      }
    }
  },
  "projects": {
    "napho-client": {
      "tags": []
    },
    "napho-client-e2e": {
      "tags": [],
      "implicitDependencies": ["napho-client"]
    },
    "api": {
      "tags": []
    },
    "api-interfaces": {
      "tags": []
    },
    "data": {
      "tags": []
    }
  }
}
