
{
  "header": {
    "reportVersion": 1,
    "event": "Allocation failed - JavaScript heap out of memory",
    "trigger": "FatalError",
    "filename": "report.20200528.145637.12674.0.001.json",
    "dumpEventTime": "2020-05-28T14:56:37Z",
    "dumpEventTimeStamp": "1590695797688",
    "processId": 12674,
    "cwd": "/Users/davidmartinez/itesm/8semester/webAppDev/napho",
    "commandLine": [
      "/Users/davidmartinez/.nvm/versions/node/v13.6.0/bin/node",
      "-r",
      "source-map-support/register",
      "--inspect=localhost:0",
      "/Users/davidmartinez/itesm/8semester/webAppDev/napho/dist/apps/api/main.js"
    ],
    "nodejsVersion": "v13.6.0",
    "wordSize": 64,
    "arch": "x64",
    "platform": "darwin",
    "componentVersions": {
      "node": "13.6.0",
      "v8": "7.9.317.25-node.26",
      "uv": "1.34.0",
      "zlib": "1.2.11",
      "brotli": "1.0.7",
      "ares": "1.15.0",
      "modules": "79",
      "nghttp2": "1.40.0",
      "napi": "5",
      "llhttp": "2.0.1",
      "openssl": "1.1.1d",
      "cldr": "36.0",
      "icu": "65.1",
      "tz": "2019c",
      "unicode": "12.1"
    },
    "release": {
      "name": "node",
      "headersUrl": "https://nodejs.org/download/release/v13.6.0/node-v13.6.0-headers.tar.gz",
      "sourceUrl": "https://nodejs.org/download/release/v13.6.0/node-v13.6.0.tar.gz"
    },
    "osName": "Darwin",
    "osRelease": "18.7.0",
    "osVersion": "Darwin Kernel Version 18.7.0: Sun Dec  1 18:59:03 PST 2019; root:xnu-4903.278.19~1/RELEASE_X86_64",
    "osMachine": "x86_64",
    "cpus": [
      {
        "model": "Intel(R) Core(TM) i5-5250U CPU @ 1.60GHz",
        "speed": 1600,
        "user": 6120240,
        "nice": 0,
        "sys": 2767210,
        "idle": 13738180,
        "irq": 0
      },
      {
        "model": "Intel(R) Core(TM) i5-5250U CPU @ 1.60GHz",
        "speed": 1600,
        "user": 1536860,
        "nice": 0,
        "sys": 896170,
        "idle": 20191640,
        "irq": 0
      },
      {
        "model": "Intel(R) Core(TM) i5-5250U CPU @ 1.60GHz",
        "speed": 1600,
        "user": 6220770,
        "nice": 0,
        "sys": 2275810,
        "idle": 14128100,
        "irq": 0
      },
      {
        "model": "Intel(R) Core(TM) i5-5250U CPU @ 1.60GHz",
        "speed": 1600,
        "user": 1385010,
        "nice": 0,
        "sys": 810880,
        "idle": 20428790,
        "irq": 0
      }
    ],
    "networkInterfaces": [
      {
        "name": "lo0",
        "internal": true,
        "mac": "00:00:00:00:00:00",
        "address": "127.0.0.1",
        "netmask": "255.0.0.0",
        "family": "IPv4"
      },
      {
        "name": "lo0",
        "internal": true,
        "mac": "00:00:00:00:00:00",
        "address": "::1",
        "netmask": "ffff:ffff:ffff:ffff:ffff:ffff:ffff:ffff",
        "family": "IPv6",
        "scopeid": 0
      },
      {
        "name": "lo0",
        "internal": true,
        "mac": "00:00:00:00:00:00",
        "address": "fe80::1",
        "netmask": "ffff:ffff:ffff:ffff::",
        "family": "IPv6",
        "scopeid": 1
      },
      {
        "name": "en0",
        "internal": false,
        "mac": "c4:b3:01:8a:1a:fe",
        "address": "fe80::189c:bd7e:d334:7bf7",
        "netmask": "ffff:ffff:ffff:ffff::",
        "family": "IPv6",
        "scopeid": 5
      },
      {
        "name": "en0",
        "internal": false,
        "mac": "c4:b3:01:8a:1a:fe",
        "address": "192.168.1.75",
        "netmask": "255.255.255.0",
        "family": "IPv4"
      },
      {
        "name": "awdl0",
        "internal": false,
        "mac": "1a:42:db:ad:fa:96",
        "address": "fe80::1842:dbff:fead:fa96",
        "netmask": "ffff:ffff:ffff:ffff::",
        "family": "IPv6",
        "scopeid": 7
      },
      {
        "name": "utun0",
        "internal": false,
        "mac": "00:00:00:00:00:00",
        "address": "fe80::ec5f:8f2e:892a:86ce",
        "netmask": "ffff:ffff:ffff:ffff::",
        "family": "IPv6",
        "scopeid": 10
      }
    ],
    "host": "Davids-MacBook-Air.local"
  },
  "javascriptStack": {
    "message": "No stack.",
    "stack": [
      "Unavailable."
    ]
  },
  "nativeStack": [
    {
      "pc": "0x0000000100159b5a",
      "symbol": "report::TriggerNodeReport(v8::Isolate*, node::Environment*, char const*, char const*, std::__1::basic_string<char, std::__1::char_traits<char>, std::__1::allocator<char> > const&, v8::Local<v8::String>) [/Users/davidmartinez/.nvm/versions/node/v13.6.0/bin/node]"
    },
    {
      "pc": "0x0000000100081b2a",
      "symbol": "node::OnFatalError(char const*, char const*) [/Users/davidmartinez/.nvm/versions/node/v13.6.0/bin/node]"
    },
    {
      "pc": "0x0000000100182567",
      "symbol": "v8::Utils::ReportOOMFailure(v8::internal::Isolate*, char const*, bool) [/Users/davidmartinez/.nvm/versions/node/v13.6.0/bin/node]"
    },
    {
      "pc": "0x0000000100182503",
      "symbol": "v8::internal::V8::FatalProcessOutOfMemory(v8::internal::Isolate*, char const*, bool) [/Users/davidmartinez/.nvm/versions/node/v13.6.0/bin/node]"
    },
    {
      "pc": "0x000000010030a8c5",
      "symbol": "v8::internal::Heap::FatalProcessOutOfMemory(char const*) [/Users/davidmartinez/.nvm/versions/node/v13.6.0/bin/node]"
    },
    {
      "pc": "0x000000010030bfa4",
      "symbol": "v8::internal::Heap::RecomputeLimits(v8::internal::GarbageCollector) [/Users/davidmartinez/.nvm/versions/node/v13.6.0/bin/node]"
    },
    {
      "pc": "0x0000000100308d3e",
      "symbol": "v8::internal::Heap::PerformGarbageCollection(v8::internal::GarbageCollector, v8::GCCallbackFlags) [/Users/davidmartinez/.nvm/versions/node/v13.6.0/bin/node]"
    },
    {
      "pc": "0x0000000100306d26",
      "symbol": "v8::internal::Heap::CollectGarbage(v8::internal::AllocationSpace, v8::internal::GarbageCollectionReason, v8::GCCallbackFlags) [/Users/davidmartinez/.nvm/versions/node/v13.6.0/bin/node]"
    },
    {
      "pc": "0x00000001003126aa",
      "symbol": "v8::internal::Heap::AllocateRawWithLightRetrySlowPath(int, v8::internal::AllocationType, v8::internal::AllocationOrigin, v8::internal::AllocationAlignment) [/Users/davidmartinez/.nvm/versions/node/v13.6.0/bin/node]"
    },
    {
      "pc": "0x0000000100312731",
      "symbol": "v8::internal::Heap::AllocateRawWithRetryOrFailSlowPath(int, v8::internal::AllocationType, v8::internal::AllocationOrigin, v8::internal::AllocationAlignment) [/Users/davidmartinez/.nvm/versions/node/v13.6.0/bin/node]"
    },
    {
      "pc": "0x00000001002e1ab1",
      "symbol": "v8::internal::Factory::NewRawOneByteString(int, v8::internal::AllocationType) [/Users/davidmartinez/.nvm/versions/node/v13.6.0/bin/node]"
    },
    {
      "pc": "0x0000000100536862",
      "symbol": "v8::internal::String::SlowFlatten(v8::internal::Isolate*, v8::internal::Handle<v8::internal::ConsString>, v8::internal::AllocationType) [/Users/davidmartinez/.nvm/versions/node/v13.6.0/bin/node]"
    },
    {
      "pc": "0x0000000100539b66",
      "symbol": "v8::internal::String::IndexOf(v8::internal::Isolate*, v8::internal::Handle<v8::internal::String>, v8::internal::Handle<v8::internal::String>, int) [/Users/davidmartinez/.nvm/versions/node/v13.6.0/bin/node]"
    },
    {
      "pc": "0x000000010065f7a0",
      "symbol": "v8::internal::Runtime_StringIndexOfUnchecked(int, unsigned long*, v8::internal::Isolate*) [/Users/davidmartinez/.nvm/versions/node/v13.6.0/bin/node]"
    },
    {
      "pc": "0x0000000100953f79",
      "symbol": "Builtins_CEntry_Return1_DontSaveFPRegs_ArgvOnStack_NoBuiltinExit [/Users/davidmartinez/.nvm/versions/node/v13.6.0/bin/node]"
    }
  ],
  "javascriptHeap": {
    "totalMemory": 2189189120,
    "totalCommittedMemory": 2033434064,
    "usedMemory": 1883080456,
    "availableMemory": 298063344,
    "memoryLimit": 2197815296,
    "heapSpaces": {
      "read_only_space": {
        "memorySize": 262144,
        "committedMemory": 33328,
        "capacity": 33040,
        "used": 33040,
        "available": 0
      },
      "new_space": {
        "memorySize": 33554432,
        "committedMemory": 31880416,
        "capacity": 16758784,
        "used": 14898784,
        "available": 1860000
      },
      "old_space": {
        "memorySize": 2145001472,
        "committedMemory": 1991269696,
        "capacity": 2129402136,
        "used": 1858583752,
        "available": 270818384
      },
      "code_space": {
        "memorySize": 692224,
        "committedMemory": 620800,
        "capacity": 437120,
        "used": 437120,
        "available": 0
      },
      "map_space": {
        "memorySize": 1576960,
        "committedMemory": 1527936,
        "capacity": 1120400,
        "used": 1120400,
        "available": 0
      },
      "large_object_space": {
        "memorySize": 8052736,
        "committedMemory": 8052736,
        "capacity": 8004576,
        "used": 8004576,
        "available": 0
      },
      "code_large_object_space": {
        "memorySize": 49152,
        "committedMemory": 49152,
        "capacity": 2784,
        "used": 2784,
        "available": 0
      },
      "new_large_object_space": {
        "memorySize": 0,
        "committedMemory": 0,
        "capacity": 16758784,
        "used": 0,
        "available": 16758784
      }
    }
  },
  "resourceUsage": {
    "userCpuSeconds": 81.7508,
    "kernelCpuSeconds": 7.71272,
    "cpuConsumptionPercent": 59.6423,
    "maxRss": 1840527704064,
    "pageFaults": {
      "IORequired": 28,
      "IONotRequired": 1176087
    },
    "fsActivity": {
      "reads": 0,
      "writes": 0
    }
  },
  "libuv": [
  ],
  "environmentVariables": {
    "TERM_SESSION_ID": "w0t0p1:5D333611-5FE5-4211-8BA5-BEC1424C8E81",
    "SSH_AUTH_SOCK": "/private/tmp/com.apple.launchd.fHHm2Ropua/Listeners",
    "LC_TERMINAL_VERSION": "3.3.9",
    "Apple_PubSub_Socket_Render": "/private/tmp/com.apple.launchd.a2mLxkxH9p/Render",
    "COLORFGBG": "7;0",
    "ITERM_PROFILE": "Default",
    "XPC_FLAGS": "0x0",
    "PWD": "/Users/davidmartinez/itesm/8semester/webAppDev/napho",
    "SHELL": "/bin/zsh",
    "LC_CTYPE": "UTF-8",
    "TERM_PROGRAM_VERSION": "3.3.9",
    "TERM_PROGRAM": "iTerm.app",
    "PATH": "/Users/davidmartinez/.rvm/gems/ruby-2.6.3/bin:/Users/davidmartinez/.rvm/gems/ruby-2.6.3@global/bin:/Users/davidmartinez/.rvm/rubies/ruby-2.6.3/bin:/Users/davidmartinez/.nvm/versions/node/v13.6.0/bin:/Library/Frameworks/Python.framework/Versions/3.8/bin:/usr/local/bin:/usr/bin:/bin:/usr/sbin:/sbin:/Applications/Postgres.app/Contents/Versions/latest/bin:/Users/davidmartinez/.rvm/bin",
    "LC_TERMINAL": "iTerm2",
    "COLORTERM": "truecolor",
    "TERM": "xterm-256color",
    "HOME": "/Users/davidmartinez",
    "TMPDIR": "/var/folders/7x/3ljlf3551m9cdbdvy8wh2_zc0000gn/T/",
    "USER": "davidmartinez",
    "XPC_SERVICE_NAME": "0",
    "LOGNAME": "davidmartinez",
    "ITERM_SESSION_ID": "w0t0p1:5D333611-5FE5-4211-8BA5-BEC1424C8E81",
    "__CF_USER_TEXT_ENCODING": "0x1F5:0x0:0x0",
    "SHLVL": "1",
    "OLDPWD": "/Users/davidmartinez/itesm/8semester/webAppDev/napho",
    "ZSH": "/Users/davidmartinez/.oh-my-zsh",
    "PAGER": "less",
    "LESS": "-R",
    "LSCOLORS": "Gxfxcxdxbxegedabagacad",
    "NVM_DIR": "/Users/davidmartinez/.nvm",
    "NVM_CD_FLAGS": "-q",
    "NVM_BIN": "/Users/davidmartinez/.nvm/versions/node/v13.6.0/bin",
    "rvm_prefix": "/Users/davidmartinez",
    "rvm_path": "/Users/davidmartinez/.rvm",
    "rvm_bin_path": "/Users/davidmartinez/.rvm/bin",
    "rvm_version": "1.29.9 (latest)",
    "GEM_HOME": "/Users/davidmartinez/.rvm/gems/ruby-2.6.3",
    "GEM_PATH": "/Users/davidmartinez/.rvm/gems/ruby-2.6.3:/Users/davidmartinez/.rvm/gems/ruby-2.6.3@global",
    "MY_RUBY_HOME": "/Users/davidmartinez/.rvm/rubies/ruby-2.6.3",
    "IRBRC": "/Users/davidmartinez/.rvm/rubies/ruby-2.6.3/.irbrc",
    "RUBY_VERSION": "ruby-2.6.3",
    "_": "/Users/davidmartinez/.nvm/versions/node/v13.6.0/bin/nx",
    "BROWSERSLIST_IGNORE_OLD_DATA": "1",
    "WEBPACK_DEV_SERVER": "true"
  },
  "userLimits": {
    "core_file_size_blocks": {
      "soft": 0,
      "hard": "unlimited"
    },
    "data_seg_size_kbytes": {
      "soft": "unlimited",
      "hard": "unlimited"
    },
    "file_size_blocks": {
      "soft": "unlimited",
      "hard": "unlimited"
    },
    "max_locked_memory_bytes": {
      "soft": "unlimited",
      "hard": "unlimited"
    },
    "max_memory_size_kbytes": {
      "soft": "unlimited",
      "hard": "unlimited"
    },
    "open_files": {
      "soft": 10240,
      "hard": "unlimited"
    },
    "stack_size_bytes": {
      "soft": 8388608,
      "hard": 67104768
    },
    "cpu_time_seconds": {
      "soft": "unlimited",
      "hard": "unlimited"
    },
    "max_user_processes": {
      "soft": 709,
      "hard": 709
    },
    "virtual_memory_kbytes": {
      "soft": "unlimited",
      "hard": "unlimited"
    }
  },
  "sharedObjects": [
    "/Users/davidmartinez/.nvm/versions/node/v13.6.0/bin/node",
    "/System/Library/Frameworks/CoreFoundation.framework/Versions/A/CoreFoundation",
    "/usr/lib/libSystem.B.dylib",
    "/usr/lib/libc++.1.dylib",
    "/usr/lib/libobjc.A.dylib",
    "/usr/lib/libDiagnosticMessagesClient.dylib",
    "/usr/lib/libicucore.A.dylib",
    "/usr/lib/libz.1.dylib",
    "/usr/lib/libc++abi.dylib",
    "/usr/lib/system/libcache.dylib",
    "/usr/lib/system/libcommonCrypto.dylib",
    "/usr/lib/system/libcompiler_rt.dylib",
    "/usr/lib/system/libcopyfile.dylib",
    "/usr/lib/system/libcorecrypto.dylib",
    "/usr/lib/system/libdispatch.dylib",
    "/usr/lib/system/libdyld.dylib",
    "/usr/lib/system/libkeymgr.dylib",
    "/usr/lib/system/liblaunch.dylib",
    "/usr/lib/system/libmacho.dylib",
    "/usr/lib/system/libquarantine.dylib",
    "/usr/lib/system/libremovefile.dylib",
    "/usr/lib/system/libsystem_asl.dylib",
    "/usr/lib/system/libsystem_blocks.dylib",
    "/usr/lib/system/libsystem_c.dylib",
    "/usr/lib/system/libsystem_configuration.dylib",
    "/usr/lib/system/libsystem_coreservices.dylib",
    "/usr/lib/system/libsystem_darwin.dylib",
    "/usr/lib/system/libsystem_dnssd.dylib",
    "/usr/lib/system/libsystem_info.dylib",
    "/usr/lib/system/libsystem_m.dylib",
    "/usr/lib/system/libsystem_malloc.dylib",
    "/usr/lib/system/libsystem_networkextension.dylib",
    "/usr/lib/system/libsystem_notify.dylib",
    "/usr/lib/system/libsystem_sandbox.dylib",
    "/usr/lib/system/libsystem_secinit.dylib",
    "/usr/lib/system/libsystem_kernel.dylib",
    "/usr/lib/system/libsystem_platform.dylib",
    "/usr/lib/system/libsystem_pthread.dylib",
    "/usr/lib/system/libsystem_symptoms.dylib",
    "/usr/lib/system/libsystem_trace.dylib",
    "/usr/lib/system/libunwind.dylib",
    "/usr/lib/system/libxpc.dylib",
    "/System/Library/Frameworks/ApplicationServices.framework/Versions/A/ApplicationServices",
    "/System/Library/Frameworks/CoreGraphics.framework/Versions/A/CoreGraphics",
    "/System/Library/Frameworks/CoreText.framework/Versions/A/CoreText",
    "/System/Library/Frameworks/ImageIO.framework/Versions/A/ImageIO",
    "/System/Library/Frameworks/ColorSync.framework/Versions/A/ColorSync",
    "/System/Library/Frameworks/ApplicationServices.framework/Versions/A/Frameworks/ATS.framework/Versions/A/ATS",
    "/System/Library/Frameworks/ApplicationServices.framework/Versions/A/Frameworks/ColorSyncLegacy.framework/Versions/A/ColorSyncLegacy",
    "/System/Library/Frameworks/CoreServices.framework/Versions/A/CoreServices",
    "/System/Library/Frameworks/ApplicationServices.framework/Versions/A/Frameworks/HIServices.framework/Versions/A/HIServices",
    "/System/Library/Frameworks/ApplicationServices.framework/Versions/A/Frameworks/LangAnalysis.framework/Versions/A/LangAnalysis",
    "/System/Library/Frameworks/ApplicationServices.framework/Versions/A/Frameworks/PrintCore.framework/Versions/A/PrintCore",
    "/System/Library/Frameworks/ApplicationServices.framework/Versions/A/Frameworks/QD.framework/Versions/A/QD",
    "/System/Library/Frameworks/ApplicationServices.framework/Versions/A/Frameworks/SpeechSynthesis.framework/Versions/A/SpeechSynthesis",
    "/System/Library/PrivateFrameworks/SkyLight.framework/Versions/A/SkyLight",
    "/System/Library/Frameworks/IOSurface.framework/Versions/A/IOSurface",
    "/usr/lib/libxml2.2.dylib",
    "/System/Library/Frameworks/CFNetwork.framework/Versions/A/CFNetwork",
    "/System/Library/Frameworks/Accelerate.framework/Versions/A/Accelerate",
    "/System/Library/Frameworks/Foundation.framework/Versions/C/Foundation",
    "/usr/lib/libcompression.dylib",
    "/System/Library/Frameworks/SystemConfiguration.framework/Versions/A/SystemConfiguration",
    "/System/Library/Frameworks/CoreDisplay.framework/Versions/A/CoreDisplay",
    "/System/Library/Frameworks/IOKit.framework/Versions/A/IOKit",
    "/System/Library/Frameworks/Metal.framework/Versions/A/Metal",
    "/System/Library/Frameworks/MetalPerformanceShaders.framework/Versions/A/MetalPerformanceShaders",
    "/System/Library/PrivateFrameworks/MultitouchSupport.framework/Versions/A/MultitouchSupport",
    "/System/Library/Frameworks/Security.framework/Versions/A/Security",
    "/System/Library/Frameworks/QuartzCore.framework/Versions/A/QuartzCore",
    "/usr/lib/libbsm.0.dylib",
    "/usr/lib/liblzma.5.dylib",
    "/usr/lib/libauto.dylib",
    "/System/Library/Frameworks/DiskArbitration.framework/Versions/A/DiskArbitration",
    "/usr/lib/libarchive.2.dylib",
    "/usr/lib/liblangid.dylib",
    "/usr/lib/libCRFSuite.dylib",
    "/usr/lib/libenergytrace.dylib",
    "/usr/lib/system/libkxld.dylib",
    "/System/Library/PrivateFrameworks/AppleFSCompression.framework/Versions/A/AppleFSCompression",
    "/usr/lib/libOpenScriptingUtil.dylib",
    "/usr/lib/libcoretls.dylib",
    "/usr/lib/libcoretls_cfhelpers.dylib",
    "/usr/lib/libpam.2.dylib",
    "/usr/lib/libsqlite3.dylib",
    "/usr/lib/libxar.1.dylib",
    "/usr/lib/libbz2.1.0.dylib",
    "/usr/lib/libnetwork.dylib",
    "/usr/lib/libapple_nghttp2.dylib",
    "/usr/lib/libpcap.A.dylib",
    "/System/Library/Frameworks/CoreServices.framework/Versions/A/Frameworks/FSEvents.framework/Versions/A/FSEvents",
    "/System/Library/Frameworks/CoreServices.framework/Versions/A/Frameworks/CarbonCore.framework/Versions/A/CarbonCore",
    "/System/Library/Frameworks/CoreServices.framework/Versions/A/Frameworks/Metadata.framework/Versions/A/Metadata",
    "/System/Library/Frameworks/CoreServices.framework/Versions/A/Frameworks/OSServices.framework/Versions/A/OSServices",
    "/System/Library/Frameworks/CoreServices.framework/Versions/A/Frameworks/SearchKit.framework/Versions/A/SearchKit",
    "/System/Library/Frameworks/CoreServices.framework/Versions/A/Frameworks/AE.framework/Versions/A/AE",
    "/System/Library/Frameworks/CoreServices.framework/Versions/A/Frameworks/LaunchServices.framework/Versions/A/LaunchServices",
    "/System/Library/Frameworks/CoreServices.framework/Versions/A/Frameworks/DictionaryServices.framework/Versions/A/DictionaryServices",
    "/System/Library/Frameworks/CoreServices.framework/Versions/A/Frameworks/SharedFileList.framework/Versions/A/SharedFileList",
    "/System/Library/Frameworks/NetFS.framework/Versions/A/NetFS",
    "/System/Library/PrivateFrameworks/NetAuth.framework/Versions/A/NetAuth",
    "/System/Library/PrivateFrameworks/login.framework/Versions/A/Frameworks/loginsupport.framework/Versions/A/loginsupport",
    "/System/Library/PrivateFrameworks/TCC.framework/Versions/A/TCC",
    "/System/Library/PrivateFrameworks/CoreNLP.framework/Versions/A/CoreNLP",
    "/System/Library/PrivateFrameworks/MetadataUtilities.framework/Versions/A/MetadataUtilities",
    "/usr/lib/libmecabra.dylib",
    "/usr/lib/libmecab.1.0.0.dylib",
    "/usr/lib/libgermantok.dylib",
    "/usr/lib/libThaiTokenizer.dylib",
    "/usr/lib/libChineseTokenizer.dylib",
    "/usr/lib/libiconv.2.dylib",
    "/usr/lib/libcharset.1.dylib",
    "/System/Library/PrivateFrameworks/LanguageModeling.framework/Versions/A/LanguageModeling",
    "/System/Library/PrivateFrameworks/CoreEmoji.framework/Versions/A/CoreEmoji",
    "/System/Library/PrivateFrameworks/Lexicon.framework/Versions/A/Lexicon",
    "/System/Library/PrivateFrameworks/LinguisticData.framework/Versions/A/LinguisticData",
    "/usr/lib/libcmph.dylib",
    "/System/Library/Frameworks/CoreData.framework/Versions/A/CoreData",
    "/System/Library/Frameworks/OpenDirectory.framework/Versions/A/Frameworks/CFOpenDirectory.framework/Versions/A/CFOpenDirectory",
    "/System/Library/PrivateFrameworks/APFS.framework/Versions/A/APFS",
    "/usr/lib/libutil.dylib",
    "/System/Library/Frameworks/ServiceManagement.framework/Versions/A/ServiceManagement",
    "/System/Library/PrivateFrameworks/BackgroundTaskManagement.framework/Versions/A/BackgroundTaskManagement",
    "/usr/lib/libxslt.1.dylib",
    "/System/Library/Frameworks/Accelerate.framework/Versions/A/Frameworks/vImage.framework/Versions/A/vImage",
    "/System/Library/Frameworks/Accelerate.framework/Versions/A/Frameworks/vecLib.framework/Versions/A/vecLib",
    "/System/Library/Frameworks/Accelerate.framework/Versions/A/Frameworks/vecLib.framework/Versions/A/libvMisc.dylib",
    "/System/Library/Frameworks/Accelerate.framework/Versions/A/Frameworks/vecLib.framework/Versions/A/libvDSP.dylib",
    "/System/Library/Frameworks/Accelerate.framework/Versions/A/Frameworks/vecLib.framework/Versions/A/libBLAS.dylib",
    "/System/Library/Frameworks/Accelerate.framework/Versions/A/Frameworks/vecLib.framework/Versions/A/libLAPACK.dylib",
    "/System/Library/Frameworks/Accelerate.framework/Versions/A/Frameworks/vecLib.framework/Versions/A/libLinearAlgebra.dylib",
    "/System/Library/Frameworks/Accelerate.framework/Versions/A/Frameworks/vecLib.framework/Versions/A/libSparseBLAS.dylib",
    "/System/Library/Frameworks/Accelerate.framework/Versions/A/Frameworks/vecLib.framework/Versions/A/libQuadrature.dylib",
    "/System/Library/Frameworks/Accelerate.framework/Versions/A/Frameworks/vecLib.framework/Versions/A/libBNNS.dylib",
    "/System/Library/Frameworks/Accelerate.framework/Versions/A/Frameworks/vecLib.framework/Versions/A/libSparse.dylib",
    "/System/Library/PrivateFrameworks/GPUWrangler.framework/Versions/A/GPUWrangler",
    "/System/Library/PrivateFrameworks/IOAccelerator.framework/Versions/A/IOAccelerator",
    "/System/Library/PrivateFrameworks/IOPresentment.framework/Versions/A/IOPresentment",
    "/System/Library/PrivateFrameworks/DSExternalDisplay.framework/Versions/A/DSExternalDisplay",
    "/System/Library/Frameworks/OpenGL.framework/Versions/A/Libraries/libCoreFSCache.dylib",
    "/System/Library/Frameworks/MetalPerformanceShaders.framework/Frameworks/MPSCore.framework/Versions/A/MPSCore",
    "/System/Library/Frameworks/MetalPerformanceShaders.framework/Frameworks/MPSImage.framework/Versions/A/MPSImage",
    "/System/Library/Frameworks/MetalPerformanceShaders.framework/Frameworks/MPSNeuralNetwork.framework/Versions/A/MPSNeuralNetwork",
    "/System/Library/Frameworks/MetalPerformanceShaders.framework/Frameworks/MPSMatrix.framework/Versions/A/MPSMatrix",
    "/System/Library/Frameworks/MetalPerformanceShaders.framework/Frameworks/MPSRayIntersector.framework/Versions/A/MPSRayIntersector",
    "/System/Library/PrivateFrameworks/MetalTools.framework/Versions/A/MetalTools",
    "/System/Library/PrivateFrameworks/AggregateDictionary.framework/Versions/A/AggregateDictionary",
    "/usr/lib/libMobileGestalt.dylib",
    "/System/Library/Frameworks/CoreImage.framework/Versions/A/CoreImage",
    "/System/Library/Frameworks/CoreVideo.framework/Versions/A/CoreVideo",
    "/System/Library/Frameworks/OpenGL.framework/Versions/A/OpenGL",
    "/System/Library/PrivateFrameworks/GraphVisualizer.framework/Versions/A/GraphVisualizer",
    "/System/Library/PrivateFrameworks/FaceCore.framework/Versions/A/FaceCore",
    "/System/Library/Frameworks/OpenCL.framework/Versions/A/OpenCL",
    "/usr/lib/libFosl_dynamic.dylib",
    "/System/Library/PrivateFrameworks/OTSVG.framework/Versions/A/OTSVG",
    "/System/Library/Frameworks/ApplicationServices.framework/Versions/A/Frameworks/ATS.framework/Versions/A/Resources/libFontParser.dylib",
    "/System/Library/Frameworks/ApplicationServices.framework/Versions/A/Frameworks/ATS.framework/Versions/A/Resources/libFontRegistry.dylib",
    "/System/Library/Frameworks/ImageIO.framework/Versions/A/Resources/libJPEG.dylib",
    "/System/Library/Frameworks/ImageIO.framework/Versions/A/Resources/libTIFF.dylib",
    "/System/Library/Frameworks/ImageIO.framework/Versions/A/Resources/libPng.dylib",
    "/System/Library/Frameworks/ImageIO.framework/Versions/A/Resources/libGIF.dylib",
    "/System/Library/Frameworks/ImageIO.framework/Versions/A/Resources/libJP2.dylib",
    "/System/Library/Frameworks/ImageIO.framework/Versions/A/Resources/libRadiance.dylib",
    "/System/Library/PrivateFrameworks/AppleJPEG.framework/Versions/A/AppleJPEG",
    "/System/Library/Frameworks/OpenGL.framework/Versions/A/Libraries/libGFXShared.dylib",
    "/System/Library/Frameworks/OpenGL.framework/Versions/A/Libraries/libGLU.dylib",
    "/System/Library/Frameworks/OpenGL.framework/Versions/A/Libraries/libGL.dylib",
    "/System/Library/Frameworks/OpenGL.framework/Versions/A/Libraries/libGLImage.dylib",
    "/System/Library/Frameworks/OpenGL.framework/Versions/A/Libraries/libCVMSPluginSupport.dylib",
    "/System/Library/Frameworks/OpenGL.framework/Versions/A/Libraries/libCoreVMClient.dylib",
    "/usr/lib/libcups.2.dylib",
    "/System/Library/Frameworks/Kerberos.framework/Versions/A/Kerberos",
    "/System/Library/Frameworks/GSS.framework/Versions/A/GSS",
    "/usr/lib/libresolv.9.dylib",
    "/System/Library/PrivateFrameworks/Heimdal.framework/Versions/A/Heimdal",
    "/usr/lib/libheimdal-asn1.dylib",
    "/System/Library/Frameworks/OpenDirectory.framework/Versions/A/OpenDirectory",
    "/System/Library/PrivateFrameworks/CommonAuth.framework/Versions/A/CommonAuth",
    "/System/Library/Frameworks/SecurityFoundation.framework/Versions/A/SecurityFoundation",
    "/System/Library/Frameworks/CoreAudio.framework/Versions/A/CoreAudio",
    "/System/Library/Frameworks/AudioToolbox.framework/Versions/A/AudioToolbox",
    "/System/Library/PrivateFrameworks/AppleSauce.framework/Versions/A/AppleSauce",
    "/System/Library/PrivateFrameworks/AssertionServices.framework/Versions/A/AssertionServices",
    "/System/Library/PrivateFrameworks/BaseBoard.framework/Versions/A/BaseBoard"
  ]
}